classifier,dataset,cv-procedure,p,Lustgarten,Nogueira,Jaccard,#features_mean,#features_min,#features_max,acc_train,acc_test,execution_time
"1_LR_C015 (LogisticRegression(C=0.15, max_iter=100000, penalty='l1', solver='liblinear'))",Breast,"trains-p-diff(260,1)",1,0.943,0.8639,0.766,75.3333,49,92,0.9681,0.9172,0.7731
"1_LR_C015 (LogisticRegression(C=0.15, max_iter=100000, penalty='l1', solver='liblinear'))",Breast,"trains-p-diff(260,2)",2,0.9266,0.8887,0.8015,76.7,48,88,0.9676,0.9253,0.9392
"1_LR_C015 (LogisticRegression(C=0.15, max_iter=100000, penalty='l1', solver='liblinear'))",Breast,"trains-p-diff(260,3)",3,0.9195,0.8538,0.7465,77.1667,54,90,0.9669,0.9241,0.9965
"1_LR_C015 (LogisticRegression(C=0.15, max_iter=100000, penalty='l1', solver='liblinear'))",Breast,"trains-p-diff(260,4)",4,0.8733,0.8222,0.6995,75.7333,53,90,0.9665,0.9264,0.9901
"1_LR_C015 (LogisticRegression(C=0.15, max_iter=100000, penalty='l1', solver='liblinear'))",Breast,"trains-p-diff(260,5)",5,0.8688,0.799,0.6688,76.9,48,95,0.9659,0.9322,1.0736
"1_LR_C015 (LogisticRegression(C=0.15, max_iter=100000, penalty='l1', solver='liblinear'))",Breast,"trains-p-diff(260,6)",6,0.8484,0.81,0.6846,78.0,60,88,0.9651,0.9517,0.8206
"1_LR_C015 (LogisticRegression(C=0.15, max_iter=100000, penalty='l1', solver='liblinear'))",Breast,"trains-p-diff(260,7)",7,0.848,0.8159,0.6929,81.2333,63,90,0.9663,0.946,0.7992
"1_LR_C015 (LogisticRegression(C=0.15, max_iter=100000, penalty='l1', solver='liblinear'))",Breast,"trains-p-diff(260,8)",8,0.8637,0.7935,0.658,74.9,54,87,0.9659,0.9471,0.7725
"1_LR_C015 (LogisticRegression(C=0.15, max_iter=100000, penalty='l1', solver='liblinear'))",Breast,"trains-p-diff(260,9)",9,0.8326,0.78,0.644,77.6,56,92,0.9664,0.9402,0.806
"1_LR_C015 (LogisticRegression(C=0.15, max_iter=100000, penalty='l1', solver='liblinear'))",Breast,"trains-p-diff(260,10)",10,0.8208,0.7749,0.634,76.2333,54,86,0.966,0.9368,0.7642
"1_LR_C015 (LogisticRegression(C=0.15, max_iter=100000, penalty='l1', solver='liblinear'))",Breast,"trains-p-diff(260,12)",12,0.7849,0.7261,0.5706,75.0667,51,90,0.9646,0.9379,0.7613
"1_LR_C015 (LogisticRegression(C=0.15, max_iter=100000, penalty='l1', solver='liblinear'))",Breast,"trains-p-diff(260,14)",14,0.7829,0.7339,0.5836,76.3667,50,88,0.9662,0.9345,0.7638
"1_LR_C015 (LogisticRegression(C=0.15, max_iter=100000, penalty='l1', solver='liblinear'))",Breast,"trains-p-diff(260,16)",16,0.7339,0.6954,0.534,74.3333,54,83,0.9663,0.9287,0.9838
"1_LR_C015 (LogisticRegression(C=0.15, max_iter=100000, penalty='l1', solver='liblinear'))",Breast,"trains-p-diff(260,18)",18,0.7393,0.6968,0.536,76.6667,47,86,0.965,0.9149,0.9732
"1_LR_C015 (LogisticRegression(C=0.15, max_iter=100000, penalty='l1', solver='liblinear'))",Breast,"trains-p-diff(260,20)",20,0.7227,0.6823,0.5199,76.3,58,90,0.9658,0.9172,0.7799
"1_LR_C015 (LogisticRegression(C=0.15, max_iter=100000, penalty='l1', solver='liblinear'))",Colorectal,"trains-p-diff(170,1)",1,0.8945,0.8466,0.7376,33.7,29,40,1.0,1.0,0.7387
"1_LR_C015 (LogisticRegression(C=0.15, max_iter=100000, penalty='l1', solver='liblinear'))",Colorectal,"trains-p-diff(170,2)",2,0.9187,0.8626,0.7621,33.0333,28,41,1.0,0.9972,0.7108
"1_LR_C015 (LogisticRegression(C=0.15, max_iter=100000, penalty='l1', solver='liblinear'))",Colorectal,"trains-p-diff(170,3)",3,0.9159,0.8483,0.7362,32.1667,19,38,1.0,0.9986,0.6977
"1_LR_C015 (LogisticRegression(C=0.15, max_iter=100000, penalty='l1', solver='liblinear'))",Colorectal,"trains-p-diff(170,4)",4,0.9055,0.8535,0.7472,32.6667,21,39,1.0,0.9986,0.6867
"1_LR_C015 (LogisticRegression(C=0.15, max_iter=100000, penalty='l1', solver='liblinear'))",Colorectal,"trains-p-diff(170,5)",5,0.8872,0.853,0.7463,33.2333,29,37,1.0,0.9972,0.6788
"1_LR_C015 (LogisticRegression(C=0.15, max_iter=100000, penalty='l1', solver='liblinear'))",Colorectal,"trains-p-diff(170,6)",6,0.9092,0.86,0.7559,33.7,22,41,1.0,0.9986,0.6749
"1_LR_C015 (LogisticRegression(C=0.15, max_iter=100000, penalty='l1', solver='liblinear'))",Colorectal,"trains-p-diff(170,7)",7,0.9016,0.8605,0.7586,33.9,29,39,1.0,0.9972,0.6467
"1_LR_C015 (LogisticRegression(C=0.15, max_iter=100000, penalty='l1', solver='liblinear'))",Colorectal,"trains-p-diff(170,8)",8,0.8976,0.8589,0.7557,33.3333,30,40,1.0,0.9958,0.645
"1_LR_C015 (LogisticRegression(C=0.15, max_iter=100000, penalty='l1', solver='liblinear'))",Colorectal,"trains-p-diff(170,9)",9,0.9014,0.8391,0.7251,33.1667,23,41,1.0,0.9931,0.6551
"1_LR_C015 (LogisticRegression(C=0.15, max_iter=100000, penalty='l1', solver='liblinear'))",Colorectal,"trains-p-diff(170,10)",10,0.8829,0.8495,0.7406,32.7333,29,38,1.0,0.9958,0.6996
"1_LR_C015 (LogisticRegression(C=0.15, max_iter=100000, penalty='l1', solver='liblinear'))",Colorectal,"trains-p-diff(170,12)",12,0.893,0.8419,0.7298,33.2,22,43,1.0,0.9944,0.6787
"1_LR_C015 (LogisticRegression(C=0.15, max_iter=100000, penalty='l1', solver='liblinear'))",Colorectal,"trains-p-diff(170,14)",14,0.9076,0.8668,0.7668,32.2,27,36,1.0,0.9931,0.6867
"1_LR_C015 (LogisticRegression(C=0.15, max_iter=100000, penalty='l1', solver='liblinear'))",Colorectal,"trains-p-diff(170,16)",16,0.8961,0.8378,0.7239,33.5,21,42,1.0,0.9931,0.6479
"1_LR_C015 (LogisticRegression(C=0.15, max_iter=100000, penalty='l1', solver='liblinear'))",Colorectal,"trains-p-diff(170,18)",18,0.8752,0.8399,0.727,34.2667,29,39,1.0,0.9931,0.6295
"1_LR_C015 (LogisticRegression(C=0.15, max_iter=100000, penalty='l1', solver='liblinear'))",Colorectal,"trains-p-diff(170,20)",20,0.8692,0.8336,0.7188,33.7778,30,39,1.0,0.9954,0.6395
"1_LR_C015 (LogisticRegression(C=0.15, max_iter=100000, penalty='l1', solver='liblinear'))",Leukemia,"trains-p-diff(80,1)",1,0.7967,0.6869,0.5252,62.7,29,81,1.0,0.9873,0.4785
"1_LR_C015 (LogisticRegression(C=0.15, max_iter=100000, penalty='l1', solver='liblinear'))",Leukemia,"trains-p-diff(80,2)",2,0.7433,0.679,0.5162,70.5667,40,86,1.0,0.9889,0.4817
"1_LR_C015 (LogisticRegression(C=0.15, max_iter=100000, penalty='l1', solver='liblinear'))",Leukemia,"trains-p-diff(80,3)",3,0.7516,0.6978,0.5379,67.1,40,83,1.0,0.9937,0.4761
"1_LR_C015 (LogisticRegression(C=0.15, max_iter=100000, penalty='l1', solver='liblinear'))",Leukemia,"trains-p-diff(80,4)",4,0.7549,0.6907,0.5311,69.1,53,85,1.0,0.9921,0.4726
"1_LR_C015 (LogisticRegression(C=0.15, max_iter=100000, penalty='l1', solver='liblinear'))",Leukemia,"trains-p-diff(80,5)",5,0.7742,0.6884,0.525,64.9667,32,79,1.0,0.9889,0.4744
"1_LR_C015 (LogisticRegression(C=0.15, max_iter=100000, penalty='l1', solver='liblinear'))",Leukemia,"trains-p-diff(80,6)",6,0.8051,0.676,0.5114,65.8667,32,89,1.0,0.9905,0.5173
"1_LR_C015 (LogisticRegression(C=0.15, max_iter=100000, penalty='l1', solver='liblinear'))",Leukemia,"trains-p-diff(80,7)",7,0.7552,0.6681,0.5042,68.5333,29,97,1.0,0.9952,0.4962
"1_LR_C015 (LogisticRegression(C=0.15, max_iter=100000, penalty='l1', solver='liblinear'))",Leukemia,"trains-p-diff(80,8)",8,0.791,0.6809,0.5185,60.8667,30,84,1.0,0.9952,0.4897
"1_LR_C015 (LogisticRegression(C=0.15, max_iter=100000, penalty='l1', solver='liblinear'))",Leukemia,"trains-p-diff(80,9)",9,0.7645,0.6974,0.5369,68.2593,36,83,1.0,0.9982,0.5174
"1_LR_C015 (LogisticRegression(C=0.15, max_iter=100000, penalty='l1', solver='liblinear'))",Leukemia,"trains-p-diff(80,10)",10,0.77,0.6894,0.5265,67.1111,35,86,1.0,0.9982,0.5366
"1_LR_C015 (LogisticRegression(C=0.15, max_iter=100000, penalty='l1', solver='liblinear'))",Leukemia,"trains-p-diff(80,12)",12,0.7354,0.6734,0.5086,66.5714,34,80,1.0,0.9932,0.5164
"1_LR_C015 (LogisticRegression(C=0.15, max_iter=100000, penalty='l1', solver='liblinear'))",Leukemia,"trains-p-diff(80,14)",14,0.7608,0.683,0.5191,67.1111,33,84,1.0,0.9974,0.5071
"1_LR_C015 (LogisticRegression(C=0.15, max_iter=100000, penalty='l1', solver='liblinear'))",Leukemia,"trains-p-diff(80,16)",16,0.7592,0.6665,0.5022,70.0556,34,86,1.0,0.9974,0.5025
"1_LR_C015 (LogisticRegression(C=0.15, max_iter=100000, penalty='l1', solver='liblinear'))",Leukemia,"trains-p-diff(80,18)",18,0.7797,0.6848,0.5215,63.6667,36,80,1.0,0.9968,0.4956
"1_LR_C015 (LogisticRegression(C=0.15, max_iter=100000, penalty='l1', solver='liblinear'))",Leukemia,"trains-p-diff(80,20)",20,0.7495,0.6772,0.513,69.3333,35,88,1.0,0.9905,0.4803
"1_LR_C015 (LogisticRegression(C=0.15, max_iter=100000, penalty='l1', solver='liblinear'))",Liver,"trains-p-diff(140,1)",1,0.8091,0.6246,0.4714,163.9333,92,250,0.9564,0.9547,0.591
"1_LR_C015 (LogisticRegression(C=0.15, max_iter=100000, penalty='l1', solver='liblinear'))",Liver,"trains-p-diff(140,2)",2,0.7446,0.6027,0.4349,189.9667,103,269,0.9579,0.9467,0.5713
"1_LR_C015 (LogisticRegression(C=0.15, max_iter=100000, penalty='l1', solver='liblinear'))",Liver,"trains-p-diff(140,3)",3,0.7826,0.6182,0.4594,166.3333,106,251,0.9552,0.984,0.5817
"1_LR_C015 (LogisticRegression(C=0.15, max_iter=100000, penalty='l1', solver='liblinear'))",Liver,"trains-p-diff(140,4)",4,0.7803,0.6036,0.4544,157.3667,94,262,0.9555,0.984,0.5802
"1_LR_C015 (LogisticRegression(C=0.15, max_iter=100000, penalty='l1', solver='liblinear'))",Liver,"trains-p-diff(140,5)",5,0.7714,0.6114,0.4605,151.9333,92,278,0.9552,0.988,0.5817
"1_LR_C015 (LogisticRegression(C=0.15, max_iter=100000, penalty='l1', solver='liblinear'))",Liver,"trains-p-diff(140,6)",6,0.7636,0.6153,0.4614,161.9667,95,253,0.9564,0.9813,0.5971
"1_LR_C015 (LogisticRegression(C=0.15, max_iter=100000, penalty='l1', solver='liblinear'))",Liver,"trains-p-diff(140,7)",7,0.7801,0.6187,0.4666,151.3333,85,259,0.9564,0.9773,0.5716
"1_LR_C015 (LogisticRegression(C=0.15, max_iter=100000, penalty='l1', solver='liblinear'))",Liver,"trains-p-diff(140,8)",8,0.7504,0.6025,0.4433,157.7333,84,279,0.9586,0.9667,0.5807
"1_LR_C015 (LogisticRegression(C=0.15, max_iter=100000, penalty='l1', solver='liblinear'))",Liver,"trains-p-diff(140,9)",9,0.7376,0.5887,0.4326,148.3333,88,247,0.9576,0.964,0.5663
"1_LR_C015 (LogisticRegression(C=0.15, max_iter=100000, penalty='l1', solver='liblinear'))",Liver,"trains-p-diff(140,10)",10,0.7602,0.5746,0.418,163.0333,47,264,0.9588,0.9693,0.5782
"1_LR_C015 (LogisticRegression(C=0.15, max_iter=100000, penalty='l1', solver='liblinear'))",Liver,"trains-p-diff(140,12)",12,0.7389,0.5753,0.4151,154.8,88,270,0.959,0.9693,0.6225
"1_LR_C015 (LogisticRegression(C=0.15, max_iter=100000, penalty='l1', solver='liblinear'))",Liver,"trains-p-diff(140,14)",14,0.712,0.5799,0.4152,157.6333,94,276,0.9598,0.9547,0.5763
"1_LR_C015 (LogisticRegression(C=0.15, max_iter=100000, penalty='l1', solver='liblinear'))",Liver,"trains-p-diff(140,16)",16,0.7532,0.5714,0.4166,152.963,75,248,0.9601,0.9644,0.5686
"1_LR_C015 (LogisticRegression(C=0.15, max_iter=100000, penalty='l1', solver='liblinear'))",Liver,"trains-p-diff(140,18)",18,0.7379,0.5589,0.4,162.5,89,253,0.9601,0.9567,0.5684
"1_LR_C015 (LogisticRegression(C=0.15, max_iter=100000, penalty='l1', solver='liblinear'))",Liver,"trains-p-diff(140,20)",20,0.73,0.5587,0.391,177.3333,98,251,0.9607,0.955,0.5706
"1_LR_C015 (LogisticRegression(C=0.15, max_iter=100000, penalty='l1', solver='liblinear'))",Prostate,"trains-p-diff(100,1)",1,0.9502,0.8894,0.8146,8.6667,6,12,0.7863,0.7347,0.1571
"1_LR_C015 (LogisticRegression(C=0.15, max_iter=100000, penalty='l1', solver='liblinear'))",Prostate,"trains-p-diff(100,2)",2,0.9475,0.9057,0.834,9.5333,7,14,0.7903,0.7208,0.1383
"1_LR_C015 (LogisticRegression(C=0.15, max_iter=100000, penalty='l1', solver='liblinear'))",Prostate,"trains-p-diff(100,3)",3,0.9307,0.8528,0.7558,9.0,6,14,0.7863,0.7222,0.1642
"1_LR_C015 (LogisticRegression(C=0.15, max_iter=100000, penalty='l1', solver='liblinear'))",Prostate,"trains-p-diff(100,4)",4,0.9205,0.8704,0.7799,10.1333,8,15,0.7953,0.7194,0.1388
"1_LR_C015 (LogisticRegression(C=0.15, max_iter=100000, penalty='l1', solver='liblinear'))",Prostate,"trains-p-diff(100,5)",5,0.8982,0.8329,0.7265,8.9333,7,14,0.7887,0.7167,0.1526
"1_LR_C015 (LogisticRegression(C=0.15, max_iter=100000, penalty='l1', solver='liblinear'))",Prostate,"trains-p-diff(100,6)",6,0.9053,0.8569,0.7616,10.5333,8,14,0.7923,0.7167,0.1375
"1_LR_C015 (LogisticRegression(C=0.15, max_iter=100000, penalty='l1', solver='liblinear'))",Prostate,"trains-p-diff(100,7)",7,0.8664,0.8042,0.69,9.0667,6,13,0.7907,0.7181,0.1622
"1_LR_C015 (LogisticRegression(C=0.15, max_iter=100000, penalty='l1', solver='liblinear'))",Prostate,"trains-p-diff(100,8)",8,0.9187,0.8342,0.7281,9.8,6,14,0.786,0.725,0.1379
"1_LR_C015 (LogisticRegression(C=0.15, max_iter=100000, penalty='l1', solver='liblinear'))",Prostate,"trains-p-diff(100,9)",9,0.8566,0.7795,0.6505,9.1667,7,13,0.787,0.7264,0.1596
"1_LR_C015 (LogisticRegression(C=0.15, max_iter=100000, penalty='l1', solver='liblinear'))",Prostate,"trains-p-diff(100,10)",10,0.8443,0.7713,0.6439,9.6667,8,13,0.79,0.7236,0.1442
"1_LR_C015 (LogisticRegression(C=0.15, max_iter=100000, penalty='l1', solver='liblinear'))",Prostate,"trains-p-diff(100,12)",12,0.7996,0.7481,0.6087,9.5556,7,12,0.7874,0.7253,0.1428
"1_LR_C015 (LogisticRegression(C=0.15, max_iter=100000, penalty='l1', solver='liblinear'))",Prostate,"trains-p-diff(100,14)",14,0.7945,0.7414,0.6011,9.7083,7,12,0.7858,0.7431,0.1411
"1_LR_C015 (LogisticRegression(C=0.15, max_iter=100000, penalty='l1', solver='liblinear'))",Prostate,"trains-p-diff(100,16)",16,0.7651,0.7056,0.5594,9.381,7,12,0.7819,0.7242,0.144
"1_LR_C015 (LogisticRegression(C=0.15, max_iter=100000, penalty='l1', solver='liblinear'))",Prostate,"trains-p-diff(100,18)",18,0.6842,0.6259,0.4648,9.7222,7,15,0.7789,0.7176,0.1439
"1_LR_C015 (LogisticRegression(C=0.15, max_iter=100000, penalty='l1', solver='liblinear'))",Prostate,"trains-p-diff(100,20)",20,0.7685,0.6665,0.505,10.0556,6,13,0.7761,0.7176,0.1513
"1_LR_C015 (LogisticRegression(C=0.15, max_iter=100000, penalty='l1', solver='liblinear'))",Renal,"trains-p-diff(120,1)",1,0.8953,0.8278,0.7113,39.2,28,47,0.9003,0.8899,0.6377
"1_LR_C015 (LogisticRegression(C=0.15, max_iter=100000, penalty='l1', solver='liblinear'))",Renal,"trains-p-diff(120,2)",2,0.8322,0.7641,0.6285,38.7333,26,51,0.8981,0.8768,0.6389
"1_LR_C015 (LogisticRegression(C=0.15, max_iter=100000, penalty='l1', solver='liblinear'))",Renal,"trains-p-diff(120,3)",3,0.8254,0.7618,0.6205,40.3333,29,53,0.8978,0.8768,0.6387
"1_LR_C015 (LogisticRegression(C=0.15, max_iter=100000, penalty='l1', solver='liblinear'))",Renal,"trains-p-diff(120,4)",4,0.8243,0.7562,0.6172,37.9,27,48,0.8992,0.8754,0.66
"1_LR_C015 (LogisticRegression(C=0.15, max_iter=100000, penalty='l1', solver='liblinear'))",Renal,"trains-p-diff(120,5)",5,0.7825,0.7169,0.5648,40.0667,25,49,0.8953,0.8536,0.6324
"1_LR_C015 (LogisticRegression(C=0.15, max_iter=100000, penalty='l1', solver='liblinear'))",Renal,"trains-p-diff(120,6)",6,0.7341,0.676,0.5217,38.1,28,49,0.8972,0.8551,0.703
"1_LR_C015 (LogisticRegression(C=0.15, max_iter=100000, penalty='l1', solver='liblinear'))",Renal,"trains-p-diff(120,7)",7,0.7451,0.6702,0.5097,38.8333,26,49,0.9,0.8464,0.6651
"1_LR_C015 (LogisticRegression(C=0.15, max_iter=100000, penalty='l1', solver='liblinear'))",Renal,"trains-p-diff(120,8)",8,0.7094,0.6472,0.4831,37.5333,23,46,0.8975,0.8522,0.6364
"1_LR_C015 (LogisticRegression(C=0.15, max_iter=100000, penalty='l1', solver='liblinear'))",Renal,"trains-p-diff(120,9)",9,0.6943,0.6197,0.4545,37.1667,22,48,0.9,0.8551,0.6614
"1_LR_C015 (LogisticRegression(C=0.15, max_iter=100000, penalty='l1', solver='liblinear'))",Renal,"trains-p-diff(120,10)",10,0.6838,0.611,0.4481,37.3667,23,51,0.8992,0.8493,0.6424
"1_LR_C015 (LogisticRegression(C=0.15, max_iter=100000, penalty='l1', solver='liblinear'))",Renal,"trains-p-diff(120,12)",12,0.6162,0.5712,0.4052,38.0,22,48,0.8986,0.8739,0.6641
"1_LR_C015 (LogisticRegression(C=0.15, max_iter=100000, penalty='l1', solver='liblinear'))",Renal,"trains-p-diff(120,14)",14,0.5586,0.5141,0.3524,35.037,23,43,0.8994,0.8663,0.6609
"1_LR_C015 (LogisticRegression(C=0.15, max_iter=100000, penalty='l1', solver='liblinear'))",Renal,"trains-p-diff(120,16)",16,0.5472,0.517,0.3551,36.2917,29,46,0.8986,0.8569,0.6829
"1_LR_C015 (LogisticRegression(C=0.15, max_iter=100000, penalty='l1', solver='liblinear'))",Renal,"trains-p-diff(120,18)",18,0.5223,0.4893,0.3258,37.8571,24,47,0.8933,0.8737,0.6522
"1_LR_C015 (LogisticRegression(C=0.15, max_iter=100000, penalty='l1', solver='liblinear'))",Renal,"trains-p-diff(120,20)",20,0.5018,0.4668,0.3094,37.381,26,44,0.8944,0.8799,0.649
"1_LR_C015 (LogisticRegression(C=0.15, max_iter=100000, penalty='l1', solver='liblinear'))",Throat,"trains-p-diff(80,1)",1,0.7202,0.6763,0.5118,127.8333,68,169,0.9479,0.8826,0.5018
"1_LR_C015 (LogisticRegression(C=0.15, max_iter=100000, penalty='l1', solver='liblinear'))",Throat,"trains-p-diff(80,2)",2,0.6929,0.6494,0.4838,127.2667,94,170,0.9487,0.8667,0.4952
"1_LR_C015 (LogisticRegression(C=0.15, max_iter=100000, penalty='l1', solver='liblinear'))",Throat,"trains-p-diff(80,3)",3,0.7105,0.65,0.4835,132.3667,61,171,0.9463,0.8652,0.4924
"1_LR_C015 (LogisticRegression(C=0.15, max_iter=100000, penalty='l1', solver='liblinear'))",Throat,"trains-p-diff(80,4)",4,0.7024,0.6563,0.4909,132.9,103,175,0.9492,0.8609,0.4677
"1_LR_C015 (LogisticRegression(C=0.15, max_iter=100000, penalty='l1', solver='liblinear'))",Throat,"trains-p-diff(80,5)",5,0.6934,0.6257,0.4589,126.5667,61,183,0.95,0.8507,0.4859
"1_LR_C015 (LogisticRegression(C=0.15, max_iter=100000, penalty='l1', solver='liblinear'))",Throat,"trains-p-diff(80,6)",6,0.694,0.6319,0.4637,123.5667,64,148,0.9504,0.842,0.4634
"1_LR_C015 (LogisticRegression(C=0.15, max_iter=100000, penalty='l1', solver='liblinear'))",Throat,"trains-p-diff(80,7)",7,0.6615,0.621,0.4525,130.9,104,161,0.9487,0.8377,0.4677
"1_LR_C015 (LogisticRegression(C=0.15, max_iter=100000, penalty='l1', solver='liblinear'))",Throat,"trains-p-diff(80,8)",8,0.6585,0.609,0.442,130.5667,98,165,0.9462,0.8739,0.4687
"1_LR_C015 (LogisticRegression(C=0.15, max_iter=100000, penalty='l1', solver='liblinear'))",Throat,"trains-p-diff(80,9)",9,0.6378,0.6025,0.434,131.7778,108,175,0.9444,0.8615,0.5261
"1_LR_C015 (LogisticRegression(C=0.15, max_iter=100000, penalty='l1', solver='liblinear'))",Throat,"trains-p-diff(80,10)",10,0.6329,0.6004,0.4308,130.4815,109,157,0.9375,0.8776,0.5432
"1_LR_C015 (LogisticRegression(C=0.15, max_iter=100000, penalty='l1', solver='liblinear'))",Throat,"trains-p-diff(80,12)",12,0.6613,0.6125,0.4438,127.1429,101,160,0.9387,0.911,0.5995
"1_LR_C015 (LogisticRegression(C=0.15, max_iter=100000, penalty='l1', solver='liblinear'))",Throat,"trains-p-diff(80,14)",14,0.614,0.5655,0.3971,129.2778,103,157,0.9396,0.8768,0.5423
"1_LR_C015 (LogisticRegression(C=0.15, max_iter=100000, penalty='l1', solver='liblinear'))",Throat,"trains-p-diff(80,16)",16,0.6058,0.5415,0.3734,132.6667,71,166,0.9444,0.9058,0.4853
"1_LR_C015 (LogisticRegression(C=0.15, max_iter=100000, penalty='l1', solver='liblinear'))",Throat,"trains-p-diff(80,18)",18,0.5811,0.5519,0.3838,127.6667,110,159,0.9483,0.8783,0.5005
"1_LR_C015 (LogisticRegression(C=0.15, max_iter=100000, penalty='l1', solver='liblinear'))",Throat,"trains-p-diff(80,20)",20,0.6087,0.5566,0.3879,131.4667,99,162,0.945,0.8841,0.5181
"2_LR_C05 (LogisticRegression(C=0.5, max_iter=100000, penalty='l1', solver='liblinear'))",Breast,"trains-p-diff(260,1)",1,0.945,0.8664,0.7698,182.8,98,227,1.0,0.9069,0.8879
"2_LR_C05 (LogisticRegression(C=0.5, max_iter=100000, penalty='l1', solver='liblinear'))",Breast,"trains-p-diff(260,2)",2,0.9214,0.8643,0.7634,175.7333,102,200,1.0,0.9184,0.894
"2_LR_C05 (LogisticRegression(C=0.5, max_iter=100000, penalty='l1', solver='liblinear'))",Breast,"trains-p-diff(260,3)",3,0.919,0.815,0.6876,176.7667,109,217,1.0,0.9103,0.866
"2_LR_C05 (LogisticRegression(C=0.5, max_iter=100000, penalty='l1', solver='liblinear'))",Breast,"trains-p-diff(260,4)",4,0.8799,0.8042,0.6771,172.9333,104,206,1.0,0.9126,0.9046
"2_LR_C05 (LogisticRegression(C=0.5, max_iter=100000, penalty='l1', solver='liblinear'))",Breast,"trains-p-diff(260,5)",5,0.8801,0.8158,0.6896,185.9333,108,225,1.0,0.923,0.9201
"2_LR_C05 (LogisticRegression(C=0.5, max_iter=100000, penalty='l1', solver='liblinear'))",Breast,"trains-p-diff(260,6)",6,0.8656,0.7807,0.6441,173.4333,112,206,1.0,0.9425,0.8931
"2_LR_C05 (LogisticRegression(C=0.5, max_iter=100000, penalty='l1', solver='liblinear'))",Breast,"trains-p-diff(260,7)",7,0.8464,0.7825,0.6471,181.6667,119,218,1.0,0.9414,0.8619
"2_LR_C05 (LogisticRegression(C=0.5, max_iter=100000, penalty='l1', solver='liblinear'))",Breast,"trains-p-diff(260,8)",8,0.8512,0.807,0.678,182.9333,120,201,1.0,0.9322,0.877
"2_LR_C05 (LogisticRegression(C=0.5, max_iter=100000, penalty='l1', solver='liblinear'))",Breast,"trains-p-diff(260,9)",9,0.8251,0.79,0.6574,189.2333,117,212,1.0,0.9287,0.8402
"2_LR_C05 (LogisticRegression(C=0.5, max_iter=100000, penalty='l1', solver='liblinear'))",Breast,"trains-p-diff(260,10)",10,0.818,0.7491,0.6005,174.1333,114,203,1.0,0.9207,0.8572
"2_LR_C05 (LogisticRegression(C=0.5, max_iter=100000, penalty='l1', solver='liblinear'))",Breast,"trains-p-diff(260,12)",12,0.7795,0.7426,0.5932,185.0,115,206,1.0,0.9161,0.8459
"2_LR_C05 (LogisticRegression(C=0.5, max_iter=100000, penalty='l1', solver='liblinear'))",Breast,"trains-p-diff(260,14)",14,0.7692,0.711,0.5534,178.3667,104,206,1.0,0.9253,0.8422
"2_LR_C05 (LogisticRegression(C=0.5, max_iter=100000, penalty='l1', solver='liblinear'))",Breast,"trains-p-diff(260,16)",16,0.7526,0.6852,0.5222,169.4333,99,199,1.0,0.9218,0.8527
"2_LR_C05 (LogisticRegression(C=0.5, max_iter=100000, penalty='l1', solver='liblinear'))",Breast,"trains-p-diff(260,18)",18,0.7563,0.6666,0.5017,169.4667,100,208,1.0,0.9184,0.8577
"2_LR_C05 (LogisticRegression(C=0.5, max_iter=100000, penalty='l1', solver='liblinear'))",Breast,"trains-p-diff(260,20)",20,0.729,0.6776,0.5144,171.7667,104,198,1.0,0.9195,0.8676
"2_LR_C05 (LogisticRegression(C=0.5, max_iter=100000, penalty='l1', solver='liblinear'))",Colorectal,"trains-p-diff(170,1)",1,0.7809,0.734,0.5834,71.5,56,107,1.0,1.0,0.6365
"2_LR_C05 (LogisticRegression(C=0.5, max_iter=100000, penalty='l1', solver='liblinear'))",Colorectal,"trains-p-diff(170,2)",2,0.7862,0.7416,0.5922,70.6,59,90,1.0,0.9972,0.64
"2_LR_C05 (LogisticRegression(C=0.5, max_iter=100000, penalty='l1', solver='liblinear'))",Colorectal,"trains-p-diff(170,3)",3,0.7963,0.7075,0.5544,70.3667,36,108,1.0,1.0,0.6322
"2_LR_C05 (LogisticRegression(C=0.5, max_iter=100000, penalty='l1', solver='liblinear'))",Colorectal,"trains-p-diff(170,4)",4,0.7671,0.72,0.5686,72.0,61,112,1.0,0.9986,0.6323
"2_LR_C05 (LogisticRegression(C=0.5, max_iter=100000, penalty='l1', solver='liblinear'))",Colorectal,"trains-p-diff(170,5)",5,0.7885,0.7073,0.5508,70.2,40,120,1.0,0.9986,0.6381
"2_LR_C05 (LogisticRegression(C=0.5, max_iter=100000, penalty='l1', solver='liblinear'))",Colorectal,"trains-p-diff(170,6)",6,0.7801,0.6969,0.5444,74.7333,58,114,1.0,1.0,0.6324
"2_LR_C05 (LogisticRegression(C=0.5, max_iter=100000, penalty='l1', solver='liblinear'))",Colorectal,"trains-p-diff(170,7)",7,0.7764,0.7195,0.5666,72.0667,61,102,1.0,0.9986,0.6317
"2_LR_C05 (LogisticRegression(C=0.5, max_iter=100000, penalty='l1', solver='liblinear'))",Colorectal,"trains-p-diff(170,8)",8,0.7607,0.7085,0.554,71.6,58,106,1.0,0.9972,0.6298
"2_LR_C05 (LogisticRegression(C=0.5, max_iter=100000, penalty='l1', solver='liblinear'))",Colorectal,"trains-p-diff(170,9)",9,0.798,0.7125,0.5616,70.1333,44,113,1.0,0.9972,0.6346
"2_LR_C05 (LogisticRegression(C=0.5, max_iter=100000, penalty='l1', solver='liblinear'))",Colorectal,"trains-p-diff(170,10)",10,0.7943,0.7372,0.586,67.3333,37,82,1.0,0.9972,0.636
"2_LR_C05 (LogisticRegression(C=0.5, max_iter=100000, penalty='l1', solver='liblinear'))",Colorectal,"trains-p-diff(170,12)",12,0.7864,0.6966,0.5411,73.3333,37,113,1.0,0.9958,0.6311
"2_LR_C05 (LogisticRegression(C=0.5, max_iter=100000, penalty='l1', solver='liblinear'))",Colorectal,"trains-p-diff(170,14)",14,0.7656,0.7085,0.5525,70.3333,57,109,1.0,0.9958,0.6314
"2_LR_C05 (LogisticRegression(C=0.5, max_iter=100000, penalty='l1', solver='liblinear'))",Colorectal,"trains-p-diff(170,16)",16,0.7604,0.7125,0.5584,69.2667,56,109,1.0,0.9944,0.6305
"2_LR_C05 (LogisticRegression(C=0.5, max_iter=100000, penalty='l1', solver='liblinear'))",Colorectal,"trains-p-diff(170,18)",18,0.7668,0.7053,0.5483,69.7,49,109,1.0,0.9944,0.6362
"2_LR_C05 (LogisticRegression(C=0.5, max_iter=100000, penalty='l1', solver='liblinear'))",Colorectal,"trains-p-diff(170,20)",20,0.7728,0.6949,0.5367,72.4074,41,107,1.0,0.9969,0.6304
"2_LR_C05 (LogisticRegression(C=0.5, max_iter=100000, penalty='l1', solver='liblinear'))",Leukemia,"trains-p-diff(80,1)",1,0.7037,0.6469,0.4811,163.3333,117,195,1.0,1.0,0.468
"2_LR_C05 (LogisticRegression(C=0.5, max_iter=100000, penalty='l1', solver='liblinear'))",Leukemia,"trains-p-diff(80,2)",2,0.6876,0.6461,0.4797,167.0667,124,191,1.0,1.0,0.4663
"2_LR_C05 (LogisticRegression(C=0.5, max_iter=100000, penalty='l1', solver='liblinear'))",Leukemia,"trains-p-diff(80,3)",3,0.7115,0.6529,0.4881,155.1667,126,196,1.0,0.9968,0.4668
"2_LR_C05 (LogisticRegression(C=0.5, max_iter=100000, penalty='l1', solver='liblinear'))",Leukemia,"trains-p-diff(80,4)",4,0.6884,0.6351,0.4677,159.0333,96,193,1.0,1.0,0.4642
"2_LR_C05 (LogisticRegression(C=0.5, max_iter=100000, penalty='l1', solver='liblinear'))",Leukemia,"trains-p-diff(80,5)",5,0.7096,0.6516,0.4853,156.7,105,189,1.0,0.9968,0.4665
"2_LR_C05 (LogisticRegression(C=0.5, max_iter=100000, penalty='l1', solver='liblinear'))",Leukemia,"trains-p-diff(80,6)",6,0.6844,0.6418,0.4752,162.5,128,198,1.0,0.9968,0.4633
"2_LR_C05 (LogisticRegression(C=0.5, max_iter=100000, penalty='l1', solver='liblinear'))",Leukemia,"trains-p-diff(80,7)",7,0.6855,0.638,0.4709,169.7,135,215,1.0,0.9984,0.4647
"2_LR_C05 (LogisticRegression(C=0.5, max_iter=100000, penalty='l1', solver='liblinear'))",Leukemia,"trains-p-diff(80,8)",8,0.6872,0.6405,0.4731,158.5333,114,182,1.0,0.9968,0.4619
"2_LR_C05 (LogisticRegression(C=0.5, max_iter=100000, penalty='l1', solver='liblinear'))",Leukemia,"trains-p-diff(80,9)",9,0.6794,0.6358,0.4686,168.3704,134,239,1.0,0.9982,0.4618
"2_LR_C05 (LogisticRegression(C=0.5, max_iter=100000, penalty='l1', solver='liblinear'))",Leukemia,"trains-p-diff(80,10)",10,0.6875,0.6396,0.4729,164.1852,112,197,1.0,0.9982,0.4645
"2_LR_C05 (LogisticRegression(C=0.5, max_iter=100000, penalty='l1', solver='liblinear'))",Leukemia,"trains-p-diff(80,12)",12,0.6823,0.6264,0.4583,158.0476,113,189,1.0,0.9977,0.4656
"2_LR_C05 (LogisticRegression(C=0.5, max_iter=100000, penalty='l1', solver='liblinear'))",Leukemia,"trains-p-diff(80,14)",14,0.6861,0.6388,0.4721,168.6111,119,206,1.0,0.9974,0.4637
"2_LR_C05 (LogisticRegression(C=0.5, max_iter=100000, penalty='l1', solver='liblinear'))",Leukemia,"trains-p-diff(80,16)",16,0.6799,0.6281,0.4599,159.7222,115,191,1.0,1.0,0.4625
"2_LR_C05 (LogisticRegression(C=0.5, max_iter=100000, penalty='l1', solver='liblinear'))",Leukemia,"trains-p-diff(80,18)",18,0.6479,0.6137,0.4446,163.8,135,182,1.0,0.9968,0.4618
"2_LR_C05 (LogisticRegression(C=0.5, max_iter=100000, penalty='l1', solver='liblinear'))",Leukemia,"trains-p-diff(80,20)",20,0.6913,0.6191,0.4515,165.8,105,195,1.0,0.9968,0.4642
"2_LR_C05 (LogisticRegression(C=0.5, max_iter=100000, penalty='l1', solver='liblinear'))",Liver,"trains-p-diff(140,1)",1,0.8139,0.665,0.5084,537.1333,294,755,0.9981,0.9467,0.5823
"2_LR_C05 (LogisticRegression(C=0.5, max_iter=100000, penalty='l1', solver='liblinear'))",Liver,"trains-p-diff(140,2)",2,0.784,0.632,0.4856,441.0333,315,732,0.9983,0.94,0.5886
"2_LR_C05 (LogisticRegression(C=0.5, max_iter=100000, penalty='l1', solver='liblinear'))",Liver,"trains-p-diff(140,3)",3,0.7942,0.6789,0.5199,582.3667,327,748,0.9998,0.976,0.5846
"2_LR_C05 (LogisticRegression(C=0.5, max_iter=100000, penalty='l1', solver='liblinear'))",Liver,"trains-p-diff(140,4)",4,0.7723,0.6694,0.5094,577.2333,331,723,0.9993,0.9707,0.5817
"2_LR_C05 (LogisticRegression(C=0.5, max_iter=100000, penalty='l1', solver='liblinear'))",Liver,"trains-p-diff(140,5)",5,0.7987,0.6589,0.4989,545.8,292,733,0.9995,0.9747,0.5873
"2_LR_C05 (LogisticRegression(C=0.5, max_iter=100000, penalty='l1', solver='liblinear'))",Liver,"trains-p-diff(140,6)",6,0.7689,0.6329,0.4709,523.9333,305,760,0.9993,0.9747,0.5875
"2_LR_C05 (LogisticRegression(C=0.5, max_iter=100000, penalty='l1', solver='liblinear'))",Liver,"trains-p-diff(140,7)",7,0.8133,0.6411,0.4836,525.7667,311,742,0.9993,0.9747,0.5879
"2_LR_C05 (LogisticRegression(C=0.5, max_iter=100000, penalty='l1', solver='liblinear'))",Liver,"trains-p-diff(140,8)",8,0.7364,0.6155,0.4557,516.1333,296,702,0.9983,0.9587,0.5853
"2_LR_C05 (LogisticRegression(C=0.5, max_iter=100000, penalty='l1', solver='liblinear'))",Liver,"trains-p-diff(140,9)",9,0.7435,0.5961,0.4341,483.6667,277,704,0.9993,0.9547,0.5837
"2_LR_C05 (LogisticRegression(C=0.5, max_iter=100000, penalty='l1', solver='liblinear'))",Liver,"trains-p-diff(140,10)",10,0.7277,0.5915,0.4296,545.6667,297,746,0.9988,0.956,0.616
"2_LR_C05 (LogisticRegression(C=0.5, max_iter=100000, penalty='l1', solver='liblinear'))",Liver,"trains-p-diff(140,12)",12,0.7006,0.598,0.4315,539.0333,254,693,0.999,0.9627,0.5913
"2_LR_C05 (LogisticRegression(C=0.5, max_iter=100000, penalty='l1', solver='liblinear'))",Liver,"trains-p-diff(140,14)",14,0.6951,0.5723,0.4102,506.4667,299,692,0.9981,0.956,0.588
"2_LR_C05 (LogisticRegression(C=0.5, max_iter=100000, penalty='l1', solver='liblinear'))",Liver,"trains-p-diff(140,16)",16,0.6852,0.576,0.415,503.5556,280,700,0.9981,0.9556,0.5913
"2_LR_C05 (LogisticRegression(C=0.5, max_iter=100000, penalty='l1', solver='liblinear'))",Liver,"trains-p-diff(140,18)",18,0.6683,0.5481,0.3838,494.0417,297,697,0.9982,0.9483,0.5946
"2_LR_C05 (LogisticRegression(C=0.5, max_iter=100000, penalty='l1', solver='liblinear'))",Liver,"trains-p-diff(140,20)",20,0.655,0.5337,0.3736,502.9583,307,692,0.9976,0.9467,0.5883
"2_LR_C05 (LogisticRegression(C=0.5, max_iter=100000, penalty='l1', solver='liblinear'))",Prostate,"trains-p-diff(100,1)",1,0.8922,0.8423,0.734,39.7,29,56,0.9037,0.6264,0.1465
"2_LR_C05 (LogisticRegression(C=0.5, max_iter=100000, penalty='l1', solver='liblinear'))",Prostate,"trains-p-diff(100,2)",2,0.8244,0.7864,0.6544,45.1,29,55,0.905,0.6236,0.1409
"2_LR_C05 (LogisticRegression(C=0.5, max_iter=100000, penalty='l1', solver='liblinear'))",Prostate,"trains-p-diff(100,3)",3,0.7782,0.7299,0.5807,40.7667,28,53,0.914,0.6458,0.1477
"2_LR_C05 (LogisticRegression(C=0.5, max_iter=100000, penalty='l1', solver='liblinear'))",Prostate,"trains-p-diff(100,4)",4,0.7538,0.712,0.5562,42.8333,29,53,0.913,0.6417,0.1403
"2_LR_C05 (LogisticRegression(C=0.5, max_iter=100000, penalty='l1', solver='liblinear'))",Prostate,"trains-p-diff(100,5)",5,0.7221,0.666,0.504,39.6667,31,54,0.9073,0.675,0.1505
"2_LR_C05 (LogisticRegression(C=0.5, max_iter=100000, penalty='l1', solver='liblinear'))",Prostate,"trains-p-diff(100,6)",6,0.6885,0.647,0.4847,44.5667,33,57,0.9057,0.6597,0.1467
"2_LR_C05 (LogisticRegression(C=0.5, max_iter=100000, penalty='l1', solver='liblinear'))",Prostate,"trains-p-diff(100,7)",7,0.6672,0.6279,0.4629,40.1667,27,50,0.9037,0.6722,0.1467
"2_LR_C05 (LogisticRegression(C=0.5, max_iter=100000, penalty='l1', solver='liblinear'))",Prostate,"trains-p-diff(100,8)",8,0.6558,0.6087,0.4417,44.0333,30,56,0.9093,0.6847,0.1409
"2_LR_C05 (LogisticRegression(C=0.5, max_iter=100000, penalty='l1', solver='liblinear'))",Prostate,"trains-p-diff(100,9)",9,0.6079,0.5654,0.3994,39.4667,30,55,0.8993,0.6722,0.1476
"2_LR_C05 (LogisticRegression(C=0.5, max_iter=100000, penalty='l1', solver='liblinear'))",Prostate,"trains-p-diff(100,10)",10,0.6164,0.5805,0.4125,44.2333,33,54,0.904,0.6819,0.1437
"2_LR_C05 (LogisticRegression(C=0.5, max_iter=100000, penalty='l1', solver='liblinear'))",Prostate,"trains-p-diff(100,12)",12,0.5589,0.5199,0.3542,43.6296,31,55,0.9063,0.6451,0.1398
"2_LR_C05 (LogisticRegression(C=0.5, max_iter=100000, penalty='l1', solver='liblinear'))",Prostate,"trains-p-diff(100,14)",14,0.5103,0.4831,0.3213,44.0,37,53,0.9038,0.6858,0.1427
"2_LR_C05 (LogisticRegression(C=0.5, max_iter=100000, penalty='l1', solver='liblinear'))",Prostate,"trains-p-diff(100,16)",16,0.5095,0.4569,0.2977,42.8571,28,58,0.8967,0.6944,0.143
"2_LR_C05 (LogisticRegression(C=0.5, max_iter=100000, penalty='l1', solver='liblinear'))",Prostate,"trains-p-diff(100,18)",18,0.4561,0.4167,0.2662,44.1111,29,58,0.9111,0.6991,0.145
"2_LR_C05 (LogisticRegression(C=0.5, max_iter=100000, penalty='l1', solver='liblinear'))",Prostate,"trains-p-diff(100,20)",20,0.4788,0.4393,0.2836,43.2778,33,54,0.9044,0.6782,0.1451
"2_LR_C05 (LogisticRegression(C=0.5, max_iter=100000, penalty='l1', solver='liblinear'))",Renal,"trains-p-diff(120,1)",1,0.9013,0.7996,0.6656,103.8333,59,128,0.9994,0.8667,0.6823
"2_LR_C05 (LogisticRegression(C=0.5, max_iter=100000, penalty='l1', solver='liblinear'))",Renal,"trains-p-diff(120,2)",2,0.7965,0.7322,0.5858,103.4,59,116,0.9986,0.8493,0.6809
"2_LR_C05 (LogisticRegression(C=0.5, max_iter=100000, penalty='l1', solver='liblinear'))",Renal,"trains-p-diff(120,3)",3,0.7888,0.6967,0.5363,104.7333,62,131,0.9997,0.8478,0.6671
"2_LR_C05 (LogisticRegression(C=0.5, max_iter=100000, penalty='l1', solver='liblinear'))",Renal,"trains-p-diff(120,4)",4,0.7696,0.7244,0.5783,105.3667,56,119,0.9986,0.842,0.6918
"2_LR_C05 (LogisticRegression(C=0.5, max_iter=100000, penalty='l1', solver='liblinear'))",Renal,"trains-p-diff(120,5)",5,0.7778,0.6811,0.5178,103.8333,63,132,0.9992,0.8406,0.6819
"2_LR_C05 (LogisticRegression(C=0.5, max_iter=100000, penalty='l1', solver='liblinear'))",Renal,"trains-p-diff(120,6)",6,0.7112,0.6641,0.5012,104.4667,64,134,0.9989,0.8203,0.6819
"2_LR_C05 (LogisticRegression(C=0.5, max_iter=100000, penalty='l1', solver='liblinear'))",Renal,"trains-p-diff(120,7)",7,0.7129,0.6443,0.4802,108.1,55,130,0.9969,0.8159,0.6633
"2_LR_C05 (LogisticRegression(C=0.5, max_iter=100000, penalty='l1', solver='liblinear'))",Renal,"trains-p-diff(120,8)",8,0.6842,0.613,0.4446,98.5333,64,123,0.9983,0.8203,0.684
"2_LR_C05 (LogisticRegression(C=0.5, max_iter=100000, penalty='l1', solver='liblinear'))",Renal,"trains-p-diff(120,9)",9,0.6741,0.5961,0.4268,101.0667,60,124,0.9967,0.8348,0.6782
"2_LR_C05 (LogisticRegression(C=0.5, max_iter=100000, penalty='l1', solver='liblinear'))",Renal,"trains-p-diff(120,10)",10,0.6404,0.5946,0.4295,103.5,63,119,0.9981,0.8377,0.6726
"2_LR_C05 (LogisticRegression(C=0.5, max_iter=100000, penalty='l1', solver='liblinear'))",Renal,"trains-p-diff(120,12)",12,0.5926,0.5267,0.3606,100.4,61,128,0.9953,0.8551,0.6837
"2_LR_C05 (LogisticRegression(C=0.5, max_iter=100000, penalty='l1', solver='liblinear'))",Renal,"trains-p-diff(120,14)",14,0.5475,0.4982,0.3333,101.0741,57,122,0.9948,0.8647,0.686
"2_LR_C05 (LogisticRegression(C=0.5, max_iter=100000, penalty='l1', solver='liblinear'))",Renal,"trains-p-diff(120,16)",16,0.5388,0.489,0.3274,103.5833,54,131,0.9951,0.8496,0.6803
"2_LR_C05 (LogisticRegression(C=0.5, max_iter=100000, penalty='l1', solver='liblinear'))",Renal,"trains-p-diff(120,18)",18,0.4934,0.4564,0.2981,102.5238,60,121,0.9956,0.853,0.6834
"2_LR_C05 (LogisticRegression(C=0.5, max_iter=100000, penalty='l1', solver='liblinear'))",Renal,"trains-p-diff(120,20)",20,0.4693,0.4208,0.2659,91.2381,61,116,0.9972,0.8509,0.7138
"2_LR_C05 (LogisticRegression(C=0.5, max_iter=100000, penalty='l1', solver='liblinear'))",Throat,"trains-p-diff(80,1)",1,0.8311,0.6763,0.5342,318.2,205,540,1.0,0.9087,0.5383
"2_LR_C05 (LogisticRegression(C=0.5, max_iter=100000, penalty='l1', solver='liblinear'))",Throat,"trains-p-diff(80,2)",2,0.7803,0.6348,0.4773,365.7,214,516,1.0,0.887,0.5228
"2_LR_C05 (LogisticRegression(C=0.5, max_iter=100000, penalty='l1', solver='liblinear'))",Throat,"trains-p-diff(80,3)",3,0.7908,0.6267,0.4737,329.9333,203,522,1.0,0.8942,0.5274
"2_LR_C05 (LogisticRegression(C=0.5, max_iter=100000, penalty='l1', solver='liblinear'))",Throat,"trains-p-diff(80,4)",4,0.7672,0.6221,0.4604,374.3333,209,517,1.0,0.8928,0.5161
"2_LR_C05 (LogisticRegression(C=0.5, max_iter=100000, penalty='l1', solver='liblinear'))",Throat,"trains-p-diff(80,5)",5,0.7395,0.5789,0.4181,357.9667,192,571,1.0,0.8739,0.5067
"2_LR_C05 (LogisticRegression(C=0.5, max_iter=100000, penalty='l1', solver='liblinear'))",Throat,"trains-p-diff(80,6)",6,0.7367,0.5774,0.4217,352.6333,205,582,1.0,0.8681,0.502
"2_LR_C05 (LogisticRegression(C=0.5, max_iter=100000, penalty='l1', solver='liblinear'))",Throat,"trains-p-diff(80,7)",7,0.7267,0.5813,0.4227,330.9,202,523,0.9996,0.8696,0.5122
"2_LR_C05 (LogisticRegression(C=0.5, max_iter=100000, penalty='l1', solver='liblinear'))",Throat,"trains-p-diff(80,8)",8,0.6861,0.5565,0.401,311.5667,216,497,1.0,0.8928,0.508
"2_LR_C05 (LogisticRegression(C=0.5, max_iter=100000, penalty='l1', solver='liblinear'))",Throat,"trains-p-diff(80,9)",9,0.6961,0.5531,0.3973,311.6296,193,519,1.0,0.8937,0.5128
"2_LR_C05 (LogisticRegression(C=0.5, max_iter=100000, penalty='l1', solver='liblinear'))",Throat,"trains-p-diff(80,10)",10,0.6621,0.5424,0.38,367.8889,211,544,1.0,0.9002,0.5088
"2_LR_C05 (LogisticRegression(C=0.5, max_iter=100000, penalty='l1', solver='liblinear'))",Throat,"trains-p-diff(80,12)",12,0.6409,0.5364,0.3755,359.4286,220,520,1.0,0.9379,0.499
"2_LR_C05 (LogisticRegression(C=0.5, max_iter=100000, penalty='l1', solver='liblinear'))",Throat,"trains-p-diff(80,14)",14,0.6006,0.4874,0.3364,329.6667,239,495,1.0,0.9203,0.5093
"2_LR_C05 (LogisticRegression(C=0.5, max_iter=100000, penalty='l1', solver='liblinear'))",Throat,"trains-p-diff(80,16)",16,0.587,0.4787,0.3236,307.7778,212,519,0.9993,0.913,0.5091
"2_LR_C05 (LogisticRegression(C=0.5, max_iter=100000, penalty='l1', solver='liblinear'))",Throat,"trains-p-diff(80,18)",18,0.5588,0.4598,0.31,288.4,208,540,1.0,0.8986,0.5137
"2_LR_C05 (LogisticRegression(C=0.5, max_iter=100000, penalty='l1', solver='liblinear'))",Throat,"trains-p-diff(80,20)",20,0.5841,0.4432,0.2919,334.9333,222,538,1.0,0.9043,0.5084
"3_LR_C075 (LogisticRegression(C=0.75, max_iter=100000, penalty='l1', solver='liblinear'))",Breast,"trains-p-diff(260,1)",1,0.9437,0.8557,0.7507,225.6667,114,273,1.0,0.9023,0.8825
"3_LR_C075 (LogisticRegression(C=0.75, max_iter=100000, penalty='l1', solver='liblinear'))",Breast,"trains-p-diff(260,2)",2,0.9105,0.8586,0.7548,230.1,125,258,1.0,0.9115,0.8806
"3_LR_C075 (LogisticRegression(C=0.75, max_iter=100000, penalty='l1', solver='liblinear'))",Breast,"trains-p-diff(260,3)",3,0.9113,0.82,0.6931,231.2333,121,281,1.0,0.9046,0.8701
"3_LR_C075 (LogisticRegression(C=0.75, max_iter=100000, penalty='l1', solver='liblinear'))",Breast,"trains-p-diff(260,4)",4,0.8829,0.7775,0.639,212.0333,125,256,1.0,0.9161,0.8949
"3_LR_C075 (LogisticRegression(C=0.75, max_iter=100000, penalty='l1', solver='liblinear'))",Breast,"trains-p-diff(260,5)",5,0.879,0.7899,0.6594,223.9333,135,283,1.0,0.9241,0.8813
"3_LR_C075 (LogisticRegression(C=0.75, max_iter=100000, penalty='l1', solver='liblinear'))",Breast,"trains-p-diff(260,6)",6,0.8543,0.8128,0.6881,234.9667,141,257,1.0,0.9391,0.8759
"3_LR_C075 (LogisticRegression(C=0.75, max_iter=100000, penalty='l1', solver='liblinear'))",Breast,"trains-p-diff(260,7)",7,0.8522,0.7874,0.6528,238.8333,130,279,1.0,0.9402,0.9009
"3_LR_C075 (LogisticRegression(C=0.75, max_iter=100000, penalty='l1', solver='liblinear'))",Breast,"trains-p-diff(260,8)",8,0.8665,0.7716,0.6279,220.7667,123,266,1.0,0.931,0.8888
"3_LR_C075 (LogisticRegression(C=0.75, max_iter=100000, penalty='l1', solver='liblinear'))",Breast,"trains-p-diff(260,9)",9,0.8364,0.7576,0.6115,233.2667,121,283,1.0,0.9253,0.8688
"3_LR_C075 (LogisticRegression(C=0.75, max_iter=100000, penalty='l1', solver='liblinear'))",Breast,"trains-p-diff(260,10)",10,0.8216,0.7453,0.5958,224.7333,122,264,1.0,0.9241,0.8864
"3_LR_C075 (LogisticRegression(C=0.75, max_iter=100000, penalty='l1', solver='liblinear'))",Breast,"trains-p-diff(260,12)",12,0.8089,0.7152,0.5569,216.2,127,266,1.0,0.9161,0.8895
"3_LR_C075 (LogisticRegression(C=0.75, max_iter=100000, penalty='l1', solver='liblinear'))",Breast,"trains-p-diff(260,14)",14,0.7866,0.6838,0.5209,207.0,122,250,1.0,0.9241,0.8964
"3_LR_C075 (LogisticRegression(C=0.75, max_iter=100000, penalty='l1', solver='liblinear'))",Breast,"trains-p-diff(260,16)",16,0.7539,0.6732,0.5085,216.0,126,259,1.0,0.923,0.8844
"3_LR_C075 (LogisticRegression(C=0.75, max_iter=100000, penalty='l1', solver='liblinear'))",Breast,"trains-p-diff(260,18)",18,0.7602,0.6552,0.4872,207.0667,123,258,1.0,0.9184,0.8905
"3_LR_C075 (LogisticRegression(C=0.75, max_iter=100000, penalty='l1', solver='liblinear'))",Breast,"trains-p-diff(260,20)",20,0.7474,0.6447,0.4783,204.0667,128,262,1.0,0.9184,0.9035
"3_LR_C075 (LogisticRegression(C=0.75, max_iter=100000, penalty='l1', solver='liblinear'))",Colorectal,"trains-p-diff(170,1)",1,0.7677,0.6512,0.4912,103.0,57,155,1.0,1.0,0.6354
"3_LR_C075 (LogisticRegression(C=0.75, max_iter=100000, penalty='l1', solver='liblinear'))",Colorectal,"trains-p-diff(170,2)",2,0.7733,0.6766,0.5214,98.6667,75,147,1.0,0.9986,0.6357
"3_LR_C075 (LogisticRegression(C=0.75, max_iter=100000, penalty='l1', solver='liblinear'))",Colorectal,"trains-p-diff(170,3)",3,0.7823,0.6745,0.5161,95.1667,53,160,1.0,1.0,0.6375
"3_LR_C075 (LogisticRegression(C=0.75, max_iter=100000, penalty='l1', solver='liblinear'))",Colorectal,"trains-p-diff(170,4)",4,0.7679,0.6435,0.48,105.6667,53,153,1.0,0.9986,0.6396
"3_LR_C075 (LogisticRegression(C=0.75, max_iter=100000, penalty='l1', solver='liblinear'))",Colorectal,"trains-p-diff(170,5)",5,0.787,0.6301,0.4684,104.8,47,160,1.0,0.9986,0.6329
"3_LR_C075 (LogisticRegression(C=0.75, max_iter=100000, penalty='l1', solver='liblinear'))",Colorectal,"trains-p-diff(170,6)",6,0.7812,0.6636,0.5059,94.8333,47,147,1.0,1.0,0.6348
"3_LR_C075 (LogisticRegression(C=0.75, max_iter=100000, penalty='l1', solver='liblinear'))",Colorectal,"trains-p-diff(170,7)",7,0.7783,0.654,0.494,106.1333,55,158,1.0,0.9986,0.6326
"3_LR_C075 (LogisticRegression(C=0.75, max_iter=100000, penalty='l1', solver='liblinear'))",Colorectal,"trains-p-diff(170,8)",8,0.769,0.6364,0.4718,109.4333,49,155,1.0,0.9986,0.6304
"3_LR_C075 (LogisticRegression(C=0.75, max_iter=100000, penalty='l1', solver='liblinear'))",Colorectal,"trains-p-diff(170,9)",9,0.7748,0.6402,0.4798,97.5667,46,149,1.0,0.9972,0.6397
"3_LR_C075 (LogisticRegression(C=0.75, max_iter=100000, penalty='l1', solver='liblinear'))",Colorectal,"trains-p-diff(170,10)",10,0.7706,0.6321,0.4677,101.1,44,145,1.0,0.9986,0.632
"3_LR_C075 (LogisticRegression(C=0.75, max_iter=100000, penalty='l1', solver='liblinear'))",Colorectal,"trains-p-diff(170,12)",12,0.7587,0.6319,0.4692,97.7333,48,152,1.0,0.9986,0.6382
"3_LR_C075 (LogisticRegression(C=0.75, max_iter=100000, penalty='l1', solver='liblinear'))",Colorectal,"trains-p-diff(170,14)",14,0.7787,0.6405,0.4783,96.6667,46,140,1.0,0.9972,0.636
"3_LR_C075 (LogisticRegression(C=0.75, max_iter=100000, penalty='l1', solver='liblinear'))",Colorectal,"trains-p-diff(170,16)",16,0.7627,0.6397,0.478,100.8667,50,150,1.0,0.9958,0.6355
"3_LR_C075 (LogisticRegression(C=0.75, max_iter=100000, penalty='l1', solver='liblinear'))",Colorectal,"trains-p-diff(170,18)",18,0.7366,0.6512,0.4876,101.9667,69,163,1.0,0.9972,0.6301
"3_LR_C075 (LogisticRegression(C=0.75, max_iter=100000, penalty='l1', solver='liblinear'))",Colorectal,"trains-p-diff(170,20)",20,0.781,0.6376,0.4758,93.5556,50,156,1.0,0.9969,0.6383
"3_LR_C075 (LogisticRegression(C=0.75, max_iter=100000, penalty='l1', solver='liblinear'))",Leukemia,"trains-p-diff(80,1)",1,0.6647,0.6194,0.4514,208.8,158,257,1.0,1.0,0.467
"3_LR_C075 (LogisticRegression(C=0.75, max_iter=100000, penalty='l1', solver='liblinear'))",Leukemia,"trains-p-diff(80,2)",2,0.6878,0.6294,0.4625,209.2667,129,257,1.0,1.0,0.4687
"3_LR_C075 (LogisticRegression(C=0.75, max_iter=100000, penalty='l1', solver='liblinear'))",Leukemia,"trains-p-diff(80,3)",3,0.6732,0.6251,0.4577,208.4667,156,263,1.0,0.9984,0.4667
"3_LR_C075 (LogisticRegression(C=0.75, max_iter=100000, penalty='l1', solver='liblinear'))",Leukemia,"trains-p-diff(80,4)",4,0.6697,0.6137,0.4456,202.1667,154,266,1.0,1.0,0.4697
"3_LR_C075 (LogisticRegression(C=0.75, max_iter=100000, penalty='l1', solver='liblinear'))",Leukemia,"trains-p-diff(80,5)",5,0.6581,0.6145,0.4458,208.6667,155,250,1.0,0.9968,0.4659
"3_LR_C075 (LogisticRegression(C=0.75, max_iter=100000, penalty='l1', solver='liblinear'))",Leukemia,"trains-p-diff(80,6)",6,0.6628,0.6102,0.4417,204.6,150,253,1.0,0.9968,0.4686
"3_LR_C075 (LogisticRegression(C=0.75, max_iter=100000, penalty='l1', solver='liblinear'))",Leukemia,"trains-p-diff(80,7)",7,0.6581,0.6156,0.4475,209.1667,166,247,1.0,0.9984,0.4667
"3_LR_C075 (LogisticRegression(C=0.75, max_iter=100000, penalty='l1', solver='liblinear'))",Leukemia,"trains-p-diff(80,8)",8,0.6697,0.6191,0.4511,203.0667,146,243,1.0,0.9968,0.4675
"3_LR_C075 (LogisticRegression(C=0.75, max_iter=100000, penalty='l1', solver='liblinear'))",Leukemia,"trains-p-diff(80,9)",9,0.6672,0.6217,0.4549,202.2222,156,239,1.0,1.0,0.4709
"3_LR_C075 (LogisticRegression(C=0.75, max_iter=100000, penalty='l1', solver='liblinear'))",Leukemia,"trains-p-diff(80,10)",10,0.6623,0.6238,0.4556,212.4815,150,249,1.0,0.9982,0.4654
"3_LR_C075 (LogisticRegression(C=0.75, max_iter=100000, penalty='l1', solver='liblinear'))",Leukemia,"trains-p-diff(80,12)",12,0.6624,0.6213,0.4526,207.8095,152,251,1.0,0.9977,0.465
"3_LR_C075 (LogisticRegression(C=0.75, max_iter=100000, penalty='l1', solver='liblinear'))",Leukemia,"trains-p-diff(80,14)",14,0.6672,0.6124,0.4444,211.8889,167,263,1.0,0.9974,0.4675
"3_LR_C075 (LogisticRegression(C=0.75, max_iter=100000, penalty='l1', solver='liblinear'))",Leukemia,"trains-p-diff(80,16)",16,0.6545,0.6106,0.442,206.0556,139,235,1.0,1.0,0.4685
"3_LR_C075 (LogisticRegression(C=0.75, max_iter=100000, penalty='l1', solver='liblinear'))",Leukemia,"trains-p-diff(80,18)",18,0.6496,0.6042,0.4364,200.3333,159,244,1.0,0.9968,0.4701
"3_LR_C075 (LogisticRegression(C=0.75, max_iter=100000, penalty='l1', solver='liblinear'))",Leukemia,"trains-p-diff(80,20)",20,0.6505,0.6107,0.442,203.8667,175,239,1.0,0.9968,0.472
"3_LR_C075 (LogisticRegression(C=0.75, max_iter=100000, penalty='l1', solver='liblinear'))",Liver,"trains-p-diff(140,1)",1,0.819,0.6777,0.522,721.5333,427,974,1.0,0.948,0.6003
"3_LR_C075 (LogisticRegression(C=0.75, max_iter=100000, penalty='l1', solver='liblinear'))",Liver,"trains-p-diff(140,2)",2,0.7947,0.6244,0.4703,670.5,391,1010,1.0,0.936,0.6051
"3_LR_C075 (LogisticRegression(C=0.75, max_iter=100000, penalty='l1', solver='liblinear'))",Liver,"trains-p-diff(140,3)",3,0.8345,0.6702,0.5246,648.0333,409,1031,1.0,0.9707,0.6057
"3_LR_C075 (LogisticRegression(C=0.75, max_iter=100000, penalty='l1', solver='liblinear'))",Liver,"trains-p-diff(140,4)",4,0.8024,0.6546,0.497,737.6667,409,982,1.0,0.968,0.6001
"3_LR_C075 (LogisticRegression(C=0.75, max_iter=100000, penalty='l1', solver='liblinear'))",Liver,"trains-p-diff(140,5)",5,0.7952,0.6563,0.5009,768.1,435,988,1.0,0.968,0.5974
"3_LR_C075 (LogisticRegression(C=0.75, max_iter=100000, penalty='l1', solver='liblinear'))",Liver,"trains-p-diff(140,6)",6,0.7566,0.6428,0.4802,808.7667,424,992,1.0,0.9693,0.5966
"3_LR_C075 (LogisticRegression(C=0.75, max_iter=100000, penalty='l1', solver='liblinear'))",Liver,"trains-p-diff(140,7)",7,0.8076,0.6461,0.491,668.4667,395,1013,1.0,0.9707,0.6355
"3_LR_C075 (LogisticRegression(C=0.75, max_iter=100000, penalty='l1', solver='liblinear'))",Liver,"trains-p-diff(140,8)",8,0.7503,0.6002,0.4441,710.3667,422,997,1.0,0.9587,0.609
"3_LR_C075 (LogisticRegression(C=0.75, max_iter=100000, penalty='l1', solver='liblinear'))",Liver,"trains-p-diff(140,9)",9,0.7369,0.596,0.4372,736.4,440,1021,1.0,0.9507,0.6033
"3_LR_C075 (LogisticRegression(C=0.75, max_iter=100000, penalty='l1', solver='liblinear'))",Liver,"trains-p-diff(140,10)",10,0.7215,0.5943,0.4312,726.8667,379,1000,1.0,0.9467,0.604
"3_LR_C075 (LogisticRegression(C=0.75, max_iter=100000, penalty='l1', solver='liblinear'))",Liver,"trains-p-diff(140,12)",12,0.7176,0.5774,0.4142,678.0,366,1001,1.0,0.9613,0.6056
"3_LR_C075 (LogisticRegression(C=0.75, max_iter=100000, penalty='l1', solver='liblinear'))",Liver,"trains-p-diff(140,14)",14,0.6989,0.5654,0.411,669.4,417,999,1.0,0.9533,0.6039
"3_LR_C075 (LogisticRegression(C=0.75, max_iter=100000, penalty='l1', solver='liblinear'))",Liver,"trains-p-diff(140,16)",16,0.6858,0.5653,0.4031,739.6296,423,1047,1.0,0.9541,0.5961
"3_LR_C075 (LogisticRegression(C=0.75, max_iter=100000, penalty='l1', solver='liblinear'))",Liver,"trains-p-diff(140,18)",18,0.6716,0.5535,0.3912,724.6667,395,981,1.0,0.9467,0.605
"3_LR_C075 (LogisticRegression(C=0.75, max_iter=100000, penalty='l1', solver='liblinear'))",Liver,"trains-p-diff(140,20)",20,0.6535,0.5466,0.3818,739.2083,423,1022,1.0,0.9433,0.6021
"3_LR_C075 (LogisticRegression(C=0.75, max_iter=100000, penalty='l1', solver='liblinear'))",Prostate,"trains-p-diff(100,1)",1,0.9029,0.8392,0.731,55.1,39,70,0.9773,0.6292,0.1574
"3_LR_C075 (LogisticRegression(C=0.75, max_iter=100000, penalty='l1', solver='liblinear'))",Prostate,"trains-p-diff(100,2)",2,0.8461,0.7889,0.6562,61.7667,42,77,0.977,0.6167,0.1513
"3_LR_C075 (LogisticRegression(C=0.75, max_iter=100000, penalty='l1', solver='liblinear'))",Prostate,"trains-p-diff(100,3)",3,0.7807,0.733,0.5867,55.3,37,72,0.9763,0.6403,0.1523
"3_LR_C075 (LogisticRegression(C=0.75, max_iter=100000, penalty='l1', solver='liblinear'))",Prostate,"trains-p-diff(100,4)",4,0.7592,0.7038,0.5473,59.4333,40,74,0.979,0.6264,0.1512
"3_LR_C075 (LogisticRegression(C=0.75, max_iter=100000, penalty='l1', solver='liblinear'))",Prostate,"trains-p-diff(100,5)",5,0.7261,0.6809,0.5211,54.1333,41,71,0.9737,0.6458,0.159
"3_LR_C075 (LogisticRegression(C=0.75, max_iter=100000, penalty='l1', solver='liblinear'))",Prostate,"trains-p-diff(100,6)",6,0.6838,0.6456,0.4855,62.2,49,76,0.9773,0.6597,0.1498
"3_LR_C075 (LogisticRegression(C=0.75, max_iter=100000, penalty='l1', solver='liblinear'))",Prostate,"trains-p-diff(100,7)",7,0.6682,0.6235,0.4578,54.9333,43,72,0.9757,0.6625,0.1549
"3_LR_C075 (LogisticRegression(C=0.75, max_iter=100000, penalty='l1', solver='liblinear'))",Prostate,"trains-p-diff(100,8)",8,0.6461,0.6013,0.4334,60.8667,42,76,0.973,0.6625,0.1515
"3_LR_C075 (LogisticRegression(C=0.75, max_iter=100000, penalty='l1', solver='liblinear'))",Prostate,"trains-p-diff(100,9)",9,0.6065,0.56,0.3923,57.2,38,74,0.9743,0.6458,0.1543
"3_LR_C075 (LogisticRegression(C=0.75, max_iter=100000, penalty='l1', solver='liblinear'))",Prostate,"trains-p-diff(100,10)",10,0.5876,0.5481,0.3813,62.7333,44,82,0.9753,0.6708,0.1524
"3_LR_C075 (LogisticRegression(C=0.75, max_iter=100000, penalty='l1', solver='liblinear'))",Prostate,"trains-p-diff(100,12)",12,0.5591,0.511,0.3457,60.037,43,77,0.9726,0.625,0.1525
"3_LR_C075 (LogisticRegression(C=0.75, max_iter=100000, penalty='l1', solver='liblinear'))",Prostate,"trains-p-diff(100,14)",14,0.5212,0.4768,0.3171,59.3333,44,74,0.9779,0.6684,0.1517
"3_LR_C075 (LogisticRegression(C=0.75, max_iter=100000, penalty='l1', solver='liblinear'))",Prostate,"trains-p-diff(100,16)",16,0.5041,0.4548,0.2961,59.7143,41,81,0.9752,0.6647,0.156
"3_LR_C075 (LogisticRegression(C=0.75, max_iter=100000, penalty='l1', solver='liblinear'))",Prostate,"trains-p-diff(100,18)",18,0.4559,0.4242,0.2713,58.4444,42,75,0.9778,0.6852,0.1628
"3_LR_C075 (LogisticRegression(C=0.75, max_iter=100000, penalty='l1', solver='liblinear'))",Prostate,"trains-p-diff(100,20)",20,0.4433,0.4041,0.2559,59.5556,41,72,0.9783,0.6481,0.1567
"3_LR_C075 (LogisticRegression(C=0.75, max_iter=100000, penalty='l1', solver='liblinear'))",Renal,"trains-p-diff(120,1)",1,0.8763,0.8064,0.678,147.4667,80,172,1.0,0.8667,0.6899
"3_LR_C075 (LogisticRegression(C=0.75, max_iter=100000, penalty='l1', solver='liblinear'))",Renal,"trains-p-diff(120,2)",2,0.8126,0.7591,0.6169,138.6,78,158,1.0,0.8478,0.6988
"3_LR_C075 (LogisticRegression(C=0.75, max_iter=100000, penalty='l1', solver='liblinear'))",Renal,"trains-p-diff(120,3)",3,0.7948,0.732,0.5825,143.4667,82,166,1.0,0.8406,0.6948
"3_LR_C075 (LogisticRegression(C=0.75, max_iter=100000, penalty='l1', solver='liblinear'))",Renal,"trains-p-diff(120,4)",4,0.7876,0.7165,0.5627,136.5,66,165,1.0,0.8435,0.6991
"3_LR_C075 (LogisticRegression(C=0.75, max_iter=100000, penalty='l1', solver='liblinear'))",Renal,"trains-p-diff(120,5)",5,0.7694,0.7122,0.5562,150.3667,83,181,1.0,0.8362,0.6902
"3_LR_C075 (LogisticRegression(C=0.75, max_iter=100000, penalty='l1', solver='liblinear'))",Renal,"trains-p-diff(120,6)",6,0.7341,0.6586,0.4948,135.3333,70,165,1.0,0.8145,0.6983
"3_LR_C075 (LogisticRegression(C=0.75, max_iter=100000, penalty='l1', solver='liblinear'))",Renal,"trains-p-diff(120,7)",7,0.7214,0.6318,0.4627,141.6,78,176,1.0,0.8145,0.6996
"3_LR_C075 (LogisticRegression(C=0.75, max_iter=100000, penalty='l1', solver='liblinear'))",Renal,"trains-p-diff(120,8)",8,0.6794,0.6028,0.4333,129.7,74,160,1.0,0.8174,0.6971
"3_LR_C075 (LogisticRegression(C=0.75, max_iter=100000, penalty='l1', solver='liblinear'))",Renal,"trains-p-diff(120,9)",9,0.6722,0.5867,0.419,135.0667,75,172,1.0,0.829,0.6969
"3_LR_C075 (LogisticRegression(C=0.75, max_iter=100000, penalty='l1', solver='liblinear'))",Renal,"trains-p-diff(120,10)",10,0.6402,0.5898,0.4235,136.2,79,162,1.0,0.8333,0.6953
"3_LR_C075 (LogisticRegression(C=0.75, max_iter=100000, penalty='l1', solver='liblinear'))",Renal,"trains-p-diff(120,12)",12,0.5904,0.5231,0.3555,131.6667,72,168,1.0,0.8507,0.6985
"3_LR_C075 (LogisticRegression(C=0.75, max_iter=100000, penalty='l1', solver='liblinear'))",Renal,"trains-p-diff(120,14)",14,0.5457,0.4909,0.3262,139.2222,76,174,1.0,0.8599,0.689
"3_LR_C075 (LogisticRegression(C=0.75, max_iter=100000, penalty='l1', solver='liblinear'))",Renal,"trains-p-diff(120,16)",16,0.5213,0.4749,0.3134,139.2917,74,177,1.0,0.8442,0.6964
"3_LR_C075 (LogisticRegression(C=0.75, max_iter=100000, penalty='l1', solver='liblinear'))",Renal,"trains-p-diff(120,18)",18,0.4963,0.4325,0.2772,131.3333,69,156,1.0,0.8489,0.6944
"3_LR_C075 (LogisticRegression(C=0.75, max_iter=100000, penalty='l1', solver='liblinear'))",Renal,"trains-p-diff(120,20)",20,0.4604,0.4161,0.2633,137.1905,73,168,1.0,0.8427,0.6989
"3_LR_C075 (LogisticRegression(C=0.75, max_iter=100000, penalty='l1', solver='liblinear'))",Throat,"trains-p-diff(80,1)",1,0.7996,0.7291,0.5862,394.3,286,806,1.0,0.9029,0.5156
"3_LR_C075 (LogisticRegression(C=0.75, max_iter=100000, penalty='l1', solver='liblinear'))",Throat,"trains-p-diff(80,2)",2,0.7376,0.6795,0.5249,369.1333,277,722,1.0,0.8841,0.5212
"3_LR_C075 (LogisticRegression(C=0.75, max_iter=100000, penalty='l1', solver='liblinear'))",Throat,"trains-p-diff(80,3)",3,0.7626,0.6466,0.5005,412.4667,283,748,1.0,0.8942,0.5185
"3_LR_C075 (LogisticRegression(C=0.75, max_iter=100000, penalty='l1', solver='liblinear'))",Throat,"trains-p-diff(80,4)",4,0.7597,0.6297,0.4834,406.8333,256,754,1.0,0.8899,0.5191
"3_LR_C075 (LogisticRegression(C=0.75, max_iter=100000, penalty='l1', solver='liblinear'))",Throat,"trains-p-diff(80,5)",5,0.7236,0.564,0.4099,475.2667,271,786,1.0,0.8754,0.5164
"3_LR_C075 (LogisticRegression(C=0.75, max_iter=100000, penalty='l1', solver='liblinear'))",Throat,"trains-p-diff(80,6)",6,0.7068,0.5756,0.4236,454.9,278,760,1.0,0.8696,0.5215
"3_LR_C075 (LogisticRegression(C=0.75, max_iter=100000, penalty='l1', solver='liblinear'))",Throat,"trains-p-diff(80,7)",7,0.6705,0.5589,0.4039,498.3333,291,797,1.0,0.871,0.5133
"3_LR_C075 (LogisticRegression(C=0.75, max_iter=100000, penalty='l1', solver='liblinear'))",Throat,"trains-p-diff(80,8)",8,0.6722,0.543,0.3939,441.8333,308,741,1.0,0.9,0.5218
"3_LR_C075 (LogisticRegression(C=0.75, max_iter=100000, penalty='l1', solver='liblinear'))",Throat,"trains-p-diff(80,9)",9,0.6533,0.5478,0.3939,422.4815,303,750,1.0,0.8873,0.5213
"3_LR_C075 (LogisticRegression(C=0.75, max_iter=100000, penalty='l1', solver='liblinear'))",Throat,"trains-p-diff(80,10)",10,0.6358,0.5579,0.4019,414.4074,329,763,1.0,0.9034,0.5143
"3_LR_C075 (LogisticRegression(C=0.75, max_iter=100000, penalty='l1', solver='liblinear'))",Throat,"trains-p-diff(80,12)",12,0.6417,0.5209,0.3676,437.8095,311,778,1.0,0.94,0.5209
"3_LR_C075 (LogisticRegression(C=0.75, max_iter=100000, penalty='l1', solver='liblinear'))",Throat,"trains-p-diff(80,14)",14,0.5715,0.489,0.3367,422.1667,309,729,1.0,0.9179,0.5196
"3_LR_C075 (LogisticRegression(C=0.75, max_iter=100000, penalty='l1', solver='liblinear'))",Throat,"trains-p-diff(80,16)",16,0.5674,0.4771,0.3203,423.1111,311,744,1.0,0.9082,0.52
"3_LR_C075 (LogisticRegression(C=0.75, max_iter=100000, penalty='l1', solver='liblinear'))",Throat,"trains-p-diff(80,18)",18,0.5465,0.4561,0.307,430.7333,294,703,1.0,0.9043,0.5171
"3_LR_C075 (LogisticRegression(C=0.75, max_iter=100000, penalty='l1', solver='liblinear'))",Throat,"trains-p-diff(80,20)",20,0.5371,0.4525,0.3023,410.3333,315,757,1.0,0.9043,0.5155
